comnam,ticker,org_id,org_id_candidates,Notes
AGILENT TECHNOLOGIES INC,A,D000019838,,
AMERICAN AIRLINES GROUP INC,AAL,D000067697,,
ADVANCE AUTO PARTS INC,AAP,D000042550,,
APPLE INC,AAPL,D000021754,,
ABBVIE INC,ABBV,D000066804,,
AMERISOURCEBERGEN CORP,ABC,D000021841,,
ABBOTT LABORATORIES,ABT,D000000383,,
ACCENTURE PLC IRELAND,ACN,D000000786,,
ADOBE SYSTEMS INC,ADBE,D000031323,,
ANALOG DEVICES INC,ADI,D000060098,,
ARCHER DANIELS MIDLAND CO,ADM,D000000132,,
AUTOMATIC DATA PROCESSING INC,ADP,D000031719,,
ALLIANCE DATA SYSTEMS CORP,ADS,D000046668,,
AUTODESK INC,ADSK,D000031718,,
AMEREN CORP,AEE,D000023888,,
AMERICAN ELECTRIC POWER CO INC,AEP,D000000573,,
A E S CORP,AES,D000023775,,
AETNA INC NEW,AET,D000000296,,
AFLAC INC,AFL,D000000126,,
ALLERGAN PLC,AGN,D000029765,,
AMERICAN INTERNATIONAL GROUP INC,AIG,D000000123,,
APARTMENT INVESTMENT & MGMT CO,AIV,D000040044,,
ASSURANT INC,AIZ,D000021852,,
GALLAGHER ARTHUR J & CO,AJG,D000031641,,
AKAMAI TECHNOLOGIES INC,AKAM,D000031366,,
ALBEMARLE CORP,ALB,D000046623,,
ALASKA AIRGROUP INC,ALK,D000023819,,
ALLSTATE CORP,ALL,,"D000060035, Allstate Industrial Equipment; D000000632, Allstate Insurance",No match
ALLEGION PLC,ALLE,,,No match
ALEXION PHARMACEUTICALS INC,ALXN,D000045930,,
APPLIED MATERIALS INC,AMAT,D000024099,,
ADVANCED MICRO DEVICES INC,AMD,D000023765,,
AMETEK INC NEW,AME,D000047109,,
AFFILIATED MANAGERS GROUP INC,AMG,D000021808,,
AMGEN INC,AMGN,D000000391,,
AMERIPRISE FINANCIAL INC,AMP,D000021700,,
AMERICAN TOWER CORP NEW,AMT,D000047071,,
AMAZON COM INC,AMZN,D000023883,,
AUTONATION INC DEL,AN,D000019759,,
ANTHEM INC,ANTM,D000023159,,
AON PLC,AON,D000066741,,
APACHE CORP,APA,D000024095,,
ANADARKO PETROLEUM CORP,APC,D000000459,,
AIR PRODUCTS & CHEMICALS INC,APD,D000021809,,
AMPHENOL CORP NEW,APH,D000068838,,
ALEXANDRIA REAL EST EQUITIES INC,ARE,D000068995,,
ARCONIC INC,ARNC,D000068282,,
ACTIVISION BLIZZARD INC,ATVI,D000042008,,
AVALONBAY COMMUNITIES INC,AVB,D000071082,,
BROADCOM LTD,AVGO,D000032139,,
AVERY DENNISON CORP,AVY,D000045945,,
AMERICAN WATER WORKS CO INC,AWK,D000031514,,
AMERICAN EXPRESS CO,AXP,D000000217,,
ACUITY BRANDS INC,AYI,D000071070,,
AUTOZONE INC,AZO,D000024208,,
BOEING CO,BA,D000000100,,
BANK OF AMERICA CORP,BAC,D000000090,,
BAXTER INTERNATIONAL INC,BAX,D000000643,,
BED BATH & BEYOND INC,BBBY,D000031877,,
B B & T CORP,BBT,D000021868,,
BEST BUY COMPANY INC,BBY,D000024328,,
BARD C R INC,BCR,D000025170,,
BECTON DICKINSON & CO,BDX,D000024300,,
FRANKLIN RESOURCES INC,BEN,D000021991,,
BROWN FORMAN CORP,BF,D000000305,,
BAKER HUGHES INC,BHI,D000031773,,
BIOGEN INC,BIIB,D000024368,,
BANK OF NEW YORK MELLON CORP,BK,D000021765,,
BLACKROCK INC,BLK,D000021872,,
BALL CORP,BLL,D000024239,,
BRISTOL MYERS SQUIBB CO,BMY,D000000149,,
BERKSHIRE HATHAWAY INC DEL,BRK,D000021757,,
BOSTON SCIENTIFIC CORP,BSX,D000021878,,
BORGWARNER INC,BWA,D000067815,,
BOSTON PROPERTIES INC,BXP,D000032060,,
CITIGROUP INC,C,D000000071,,
C A INC,CA,D000060210,,
CONAGRA BRANDS INC,CAG,D000000242,,
CARDINAL HEALTH INC,CAH,D000021892,,
CATERPILLAR INC,CAT,D000000352,,
CHUBB LTD,CB,D000000320,,
C B R E GROUP INC,CBG,D000021899,,
C B O E HOLDINGS INC,CBOE,D000069202,,
C B S CORP NEW,CBS,,"D000023301, CBS Guiding Light; D000044332, Cbs-Paramount",No match
CROWN CASTLE INTL CORP NEW,CCI,D000065635,,
CARNIVAL CORP,CCL,D000000832,,
CELGENE CORP,CELG,D000032432,,
CERNER CORP,CERN,D000024686,,
C F INDUSTRIES HOLDINGS INC,CF,D000024688,,
CITIZENS FINANCIAL GROUP INC,CFG,D000021913,,
CHURCH & DWIGHT INC,CHD,D000042617,,
CHESAPEAKE ENERGY CORP,CHK,D000021908,,
CH ROBINSON WORLDWIDE INC,CHRW,D000032477,,
CHARTER COMMUNICATIONS INC NEW,CHTR,D000000672,,
CIGNA CORP,CI,D000000222,,
CINCINNATI FINANCIAL CORP,CINF,D000032579,,
COLGATE PALMOLIVE CO,CL,D000032736,,
CLOROX CO,CLX,D000024879,,
COMERICA INC,CMA,D000025046,,
COMCAST CORP NEW,CMCSA,D000000461,,
C M E GROUP INC,CME,D000023666,,
CHIPOTLE MEXICAN GRILL INC,CMG,D000042522,,
CUMMINS INC,CMI,D000021945,,
C M S ENERGY CORP,CMS,D000000403,,
CENTENE CORP DEL,CNC,D000024670,,
CENTERPOINT ENERGY INC,CNP,D000024672,,
CAPITAL ONE FINANCIAL CORP,COF,D000021891,,
CABOT OIL & GAS CORP,COG,D000060499,,
COACH INC,COH,D000032702,,
ROCKWELL COLLINS INC,COL,D000028783,,
COOPER COMPANIES INC,COO,,"D000043815, AAA Cooper Transportation; D000023788, Aiken Electric Cooperative; D000022501, Arkansas Electric Cooperative Corp; D000047507, Aurora Cooperative; D000024275, Basin Electric Power Cooperative; D000024323, Berkeley Electric Cooperative; D000067444, Carroll Electric Cooperative; D000048484, Central Electric Power Cooperative; D000060674, Citrin, Cooperman & Co; D000049269, Claiborne Electric Cooperative; D000070472, Cooper & Kirk; D000032859, Cooper Clinic; D000032860, Cooper Communities ; D000032861, Cooper Farms ; D000032862, Cooper for Congress Cmte ; D000049730, Cooper Health System; D000060802, Cooper Hotels; D000069479, Cooper House; D000060803, Cooper Levenson; D000060804, Cooper Square Realty; D000059127, Cooper Standard Holdings; D000025138, Cooper Tire & Rubber; D000070517, Cooper Union; D000032865, Cooper University Hospital; D000049733, Cooper's Ferry Partnership; D000032866, Cooper, Love & Jackson; D000041285, Cooper/T Smith Corp; D000058899, Cooperative Network; D000025139, Cooperative of American Physicians; D000032867, Cooperfund Inc; D000049748, Cordova Electric Cooperative; D000060825, Council of Northeast Farmer Cooperatives; D000025224, Dairylea Cooperative; D000050348, East Kentucky Power Cooperative; D000044815, Electric Cooperatives of South Carolina; D000050790, Farmers Telephone Cooperative; D000025765, Farmers' Rice Cooperative; D000032981, Global Center on Cooperative Security; D000051555, Group Health Cooperative of Puget Sound; D000034214, Group Health Cooperative of Wisconsin; D000061601, Harry Cooper Supply; D000052104, Independent Pharmacy Cooperative; D000052466, Jack Cooper Transport Co; D000026938, Kamo Electric Cooperative; D000029801, Landus Cooperative; D000027470, Maynard, Cooper & Gale; D000053879, Mohave Electric Cooperative; D000054208, National Cooperative Bank; D000054209, National Cooperative Business Assn; D000064930, National Cooperative Services Corp; D000000153, National Rural Electric Cooperative Assn; D000055105, OTZ Telephone Cooperative; D000028383, Plains Cotton Cooperative Assn ; D000000124, PricewaterhouseCoopers; D000071287, Santee Cooper; D000029065, Siouxland Energy & Livestock Cooperative; D000030475, Torgan & Cooper ; D000058020, Upstate Niagara Cooperative; D000058106, US Tobacco Cooperative; D000029823, Western Farmers Electric Cooperative ; D000029828, Western Sugar Cooperative",No match
CONOCOPHILLIPS,COP,D000000303,,
COSTCO WHOLESALE CORP NEW,COST,D000000703,,
COTY INC,COTY,D000042220,,
CAMPBELL SOUP CO,CPB,D000024598,,
SALESFORCE COM INC,CRM,D000037335,,
CISCO SYSTEMS INC,CSCO,D000000374,,
C S R A INC,CSRA,D000068350,,
C S X CORP,CSX,D000000148,,
CINTAS CORP,CTAS,D000000274,,
CENTURYLINK INC,CTL,D000024683,,
COGNIZANT TECHNOLOGY SOLS CORP,CTSH,D000059096,,
CITRIX SYSTEMS INC,CTXS,D000048699,,
C V S HEALTH CORP,CVS,D000025214,,
CHEVRON CORP NEW,CVX,D000000015,,
CONCHO RESOURCES INC,CXO,D000065629,,
DOMINION RESOURCES INC VA NEW,D,D000000335,,
DELTA AIR LINES INC,DAL,D000000350,,
DU PONT E I DE NEMOURS & CO,DD,D000069022,,
DEERE & CO,DE,D000000408,,
DISCOVER FINANCIAL SERVICES,DFS,D000018253,,
DOLLAR GENERAL CORP NEW,DG,D000033222,,
QUEST DIAGNOSTICS INC,DGX,D000028499,,
D R HORTON INC,DHI,D000033266,,
DANAHER CORP,DHR,D000033033,,
DISNEY WALT CO,DIS,D000000128,,
DISCOVERY COMMUNICATIONS INC,DISCA,D000033184,,
DISH NETWORK CORPORATION,DISH,D000000535,,
DELPHI AUTOMOTIVE PLC,DLPH,,"D000071301, Adelphi University; D000032538, Children's Hospital of Philadelphia; D000032615, City of Philadelphia, PA; D000049576, Community College of Philadelphia; D000033114, Delphi Financial Group; D000033115, Delphi Management; D000070058, Delphi Technologies; D000060942, Delphi Ventures; D000071553, Greater Philadelphia Chamber of Commerce; D000043023, Philadelphia 76ers; D000055388, Philadelphia College of Osteopathic Medicine; D000070675, Philadelphia County, PA; D000036664, Philadelphia Eagles; D000028346, Philadelphia Federal Credit Union ; D000070733, Philadelphia Flyers; D000055391, Philadelphia Industrial Development Corp; D000062888, Philadelphia Insurance Companies; D000068989, Philadelphia Justice & Safety Pac; D000055392, Philadelphia Mural Arts Advocates; D000055393, Philadelphia Museum of Art; D000055395, Philadelphia Phillies; D000055396, Philadelphia Regional Port Authority; D000036665, Philadelphia Stock Exchange ; D000062889, Philadelphia Trust; D000055398, Philadelphia University; D000055399, Philadelphia Zoo",On 5 December 2017ÊDelphi AutomotiveÊrenamed itselfÊAptivÊand spun off itsÊpowertrainÊandÊaftermarketÊrelated businesses to a stand-alone companyÊDelphi Technologies PLC: Do we want Aptiv or Delphi Tech?
DIGITAL REALTY TRUST INC,DLR,,"D000070099, Blue State Digital; D000071064, Chamber of Digital Commerce; D000055011, Digital Content Next; D000050173, Digital Dish; D000033174, Digital Fusion; D000050175, Digital Globe; D000033175, Digital Innovations Group; D000025508, Digital Media Assn ; D000059150, Digital Music Group Inc; D000050176, Digital Solutions; D000025509, DigitalGlobe ; D000071611, Disney Digital Network; D000072080, Encompass Digital Media; D000026638, InterDigital Inc; D000035233, Lamont Digital; D000054301, National Network of Digital Schools; D000069808, Parscale Digital; D000036612, Perfect Sense Digital ; D000051230, Thales Digital Identity & Security; D000058374, Walker Digital; D000069788, Western Digital",No match
DOLLAR TREE INC,DLTR,D000033224,,
DOVER CORP,DOV,D000059154,,
DOW CHEMICAL CO,DOW,D000000188,,
DR PEPPER SNAPPLE GROUP INC,DPS,D000042050,,
DARDEN RESTAURANTS INC,DRI,D000021949,,
D T E ENERGY CO,DTE,D000000561,,
DUKE ENERGY CORP NEW,DUK,D000000477,,
DAVITA INC,DVA,D000021951,,
DEVON ENERGY CORP NEW,DVN,D000025483,,
ELECTRONIC ARTS INC,EA,D000033404,,
EBAY INC,EBAY,D000021970,,
ECOLAB INC,ECL,D000025625,,
CONSOLIDATED EDISON INC,ED,D000025111,,
EQUIFAX INC,EFX,D000025712,,
EDISON INTERNATIONAL,EIX,D000000239,,
LAUDER ESTEE COS INC,EL,D000000468,,
EASTMAN CHEMICAL CO,EMN,D000000744,,
EMERSON ELECTRIC CO,EMR,D000019828,,
EOG RESOURCES INC,EOG,D000043943,,
EQUINIX INC,EQIX,D000064717,,
EQUITY RESIDENTIAL,EQR,,"D000046920, American Equity Investment Life Insurance; D000047848, Blue Equity; D000025053, Committee for Student Loan Equity ; D000032789, Communications Equity Assoc ; D000033118, Delta Private Equity Partners; D000042047, DineEquity Inc; D000025688, Energy Transfer Equity; D000061147, Enhanced Equity Funds; D000033497, Equity Community Builders; D000050653, Equity Dynamics Inc; D000050654, Equity Group; D000025714, Equity Group Investments ; D000044824, Equity Lifestyle Properties; D000061171, Equity Management Assoc; D000033498, Equity Management Group; D000033499, Equity Now; D000044278, Equity One Inc; D000050655, Equity Services Inc; D000022982, Equity Title Co; D000021236, GE Equity; D000026183, Gen Equity; D000072059, HealthEquity Inc; D000035157, Knox Equity; D000052991, Lee Equity Partners; D000035318, Leeds Equity Partners ; D000053067, Life Equity; D000042060, NRDC Equity Partners; D000036464, Pacific Equity Partners; D000036484, Palladium Equity Partners; D000055467, Pittsburgh Equity Partners; D000055501, Platinum Equity; D000062982, Private Equity Invest; D000036850, Providence Equity Partners; D000036989, Rechler Equity; D000038562, RLJ Equity Partners; D000037439, SCP Private Equity Partners ; D000037460, Select Equity Group; D000037568, Signal Equity Partners; D000063487, Spectrum Equity Investors; D000030178, Summit Equity Group; D000030373, Think Equity Partners ; D000069505, Valor Equity Partners; D000030850, Vista Equity Partners ",No match
E Q T CORP,EQT,D000025713,,
EVERSOURCE ENERGY,ES,D000028032,,
EXPRESS SCRIPTS HOLDING CO,ESRX,D000021977,,
ESSEX PROPERTY TRUST INC,ESS,,"D000046186, Essex County, MA; D000050680, Essex Group Management; D000061179, Essex Industries; D000070436, Essex Lake Group; D000033517, Essex Meadows; D000050681, Essex Pain Management Group; D000050682, Essex Plaza Management; D000054799, Northern Essex Community College",No match
E TRADE FINANCIAL CORP,ETFC,D000025615,,
EATON CORP PLC,ETN,D000025623,,
ENTERGY CORP NEW,ETR,D000000255,,
ENVISION HEALTHCARE HOLDINGS INC,EVHC,D000068596,,
EDWARDS LIFESCIENCES CORP,EW,D000025642,,
EXELON CORP,EXC,D000000368,,
EXPEDITORS INTERNATIONAL WA INC,EXPD,D000059184,,
EXPEDIA INC DE,EXPE,D000000854,,
EXTRA SPACE STORAGE INC,EXR,D000033558,,
FORD MOTOR CO DEL,F,D000000182,,
FASTENAL COMPANY,FAST,D000033596,,
FACEBOOK INC,FB,D000033563,,
FORTUNE BRANDS HOME & SECUR INC,FBHS,,"D000068854, Fortune Land Investments; D000045326, FortuNet Inc",No match
FREEPORT MCMORAN INC,FCX,D000000393,,
FEDEX CORP,FDX,D000000089,,
FIRSTENERGY CORP,FE,D000000531,,
F 5 NETWORKS INC,FFIV,,,No match
FIDELITY NATIONAL INFO SVCS INC,FIS,D000033644,,
FISERV INC,FISV,D000025831,,
FIFTH THIRD BANCORP,FITB,D000021983,,
FOOT LOCKER INC,FL,D000042432,,
FLIR SYSTEMS INC,FLIR,D000025840,,
FLUOR CORP NEW,FLR,D000000277,,
FLOWSERVE CORP,FLS,D000071102,,
F M C CORP,FMC,D000000327,,
TWENTY FIRST CENTURY FOX INC,FOXA,D000030589,,
FEDERAL REALTY INVESTMENT TRUST,FRT,D000050822,,
F M C TECHNOLOGIES INC,FTI,D000025862,,
FORTIVE CORP,FTV,D000070756,,
GENERAL DYNAMICS CORP,GD,D000000165,,
GENERAL ELECTRIC CO,GE,D000000125,,
GENERAL GROWTH PPTYS INC NEW,GGP,D000048024,,Used the parent company Brookfield Properties
GILEAD SCIENCES INC,GILD,D000026221,,
GENERAL MILLS INC,GIS,D000000467,,
CORNING INC,GLW,D000000457,,
GENERAL MOTORS CO,GM,D000000155,,
ALPHABET INC,GOOGL,D000067823,,
GENUINE PARTS CO,GPC,D000069785,,
GLOBAL PAYMENTS INC,GPN,D000071814,,
GAP INC,GPS,D000000547,,
GARMIN LTD,GRMN,D000064756,,
GOLDMAN SACHS GROUP INC,GS,D000000085,,
GOODYEAR TIRE & RUBBER CO,GT,D000000691,,
GRAINGER W W INC,GWW,D000031166,,
HALLIBURTON COMPANY,HAL,D000000281,,
HASBRO INC,HAS,D000034347,,
HUNTINGTON BANCSHARES INC,HBAN,D000026556,,
HANESBRANDS INC,HBI,D000041306,,
H C A HOLDINGS INC,HCA,D000000445,,
WELLTOWER INC,HCN,D000071585,,
H C P INC,HCP,D000034375,,
HOME DEPOT INC,HD,D000000419,,
HESS CORP,HES,D000034447,,
HARTFORD FINANCIAL SVCS GRP INC,HIG,D000000677,,
HARLEY DAVIDSON INC,HOG,D000053980,,
HOLOGIC INC,HOLX,D000026173,,
HONEYWELL INTERNATIONAL INC,HON,D000000334,,
HELMERICH & PAYNE INC,HP,D000051754,,
HEWLETT PACKARD ENTERPRISE CO,HPE,D000067800,,
H P INC,HPQ,D000067801,,
BLOCK H & R INC,HRB,D000022016,,
HORMEL FOODS CORP,HRL,D000026518,,
HARRIS CORP,HRS,D000000395,,
SCHEIN HENRY INC,HSIC,D000034427,,
HOST HOTELS & RESORTS INC,HST,D000020007,,
HERSHEY CO,HSY,D000026470,,
HUMANA INC,HUM,D000000652,,
INTERNATIONAL BUSINESS MACHS COR,IBM,D000000720,,
INTERCONTINENTALEXCHANGE GRP INC,ICE,D000026637,,
I D E X X LABORATORIES INC,IDXX,D000052029,,
INTERNATIONAL FLAVORS & FRAG INC,IFF,D000070781,,
ILLUMINA INC,ILMN,D000071004,,
INCYTE CORP,INCY,,,No match
INTEL CORP,INTC,D000000804,,
INTUIT INC,INTU,D000026667,,
INTERNATIONAL PAPER CO,IP,D000000171,,
INTERPUBLIC GROUP COS INC,IPG,D000021897,,
INGERSOLL RAND PLC,IR,D000052162,,
IRON MOUNTAIN INC NEW,IRM,D000052410,,
INTUITIVE SURGICAL INC,ISRG,D000045984,,
GARTNER INC,IT,D000033958,,
ILLINOIS TOOL WORKS INC,ITW,D000022038,,
INVESCO LTD,IVZ,D000026669,,
HUNT J B TRANSPORT SERVICES INC,JBHT,D000061887,,
JACOBS ENGINEERING GROUP INC,JEC,D000000371,,
JOHNSON & JOHNSON,JNJ,D000000386,,
JUNIPER NETWORKS INC,JNPR,D000034967,,
JPMORGAN CHASE & CO,JPM,D000000103,,
NORDSTROM INC,JWN,D000036243,,
KELLOGG CO,K,D000026978,,
KEYCORP NEW,KEY,D000000805,,
KRAFT HEINZ CO,KHC,D000067808,,
KIMCO REALTY CORP,KIM,D000035100,,
K L A TENCOR CORP,KLAC,D000035133,,
KIMBERLY CLARK CORP,KMB,D000035098,,
KINDER MORGAN INC,KMI,D000035105,,
CARMAX INC,KMX,D000021895,,
COCA COLA CO,KO,D000000212,,
MICHAEL KORS HOLDINGS LIMITED,KORS,D000035849,"D000060272, Bauch & Michaels; D000060489, C Michael Davenport Inc; D000043389, Carmichael & Neal; D000027561, Michael Baker Corp ; D000071704, Michael Baker International; D000072056, Michael Best Strategies; D000035846, Michael Burgess for Congress; D000035847, Michael Companies; D000035848, Michael Flora & Assoc ; D000035850, Michael Morse Pc; D000062443, Michael Pine & Assoc; D000035851, Michael Skloff Music; D000053741, Michael Stapleton Assoc; D000062444, Michael Torrey Assoc; D000062445, Michael Wolkowitz LLC; D000035853, Michael, Best & Friedrich; D000042000, Michaels Stores; D000062582, NAI Michael Co",Used the Capri Holdings one as this is MK's parent?
KROGER COMPANY,KR,D000027084,,
KOHLS CORP,KSS,D000042695,,
KANSAS CITY SOUTHERN,KSU,D000026944,,
LOEWS CORP,L,D000000207,,
L BRANDS INC,LB,D000000225,,
LEGGETT & PLATT INC,LEG,D000000604,,
LENNAR CORP,LEN,D000053016,,
LABORATORY CORP AMERICA HLDGS,LH,D000027104,,
L K Q CORP,LKQ,D000045995,,
L 3 COMMUNICATIONS HLDGS INC,LLL,D000022068,,
LILLY ELI & CO,LLY,D000000166,,
LOCKHEED MARTIN CORP,LMT,D000000104,,
LINCOLN NATIONAL CORP,LNC,D000022084,,
ALLIANT ENERGY CORP,LNT,D000023866,,
LOWES COMPANIES INC,LOW,D000064738,,
LAM RESH CORP,LRCX,D000069868,,
LEUCADIA NATIONAL CORP,LUK,D000070957,,
SOUTHWEST AIRLINES CO,LUV,D000000785,,
LEVEL 3 COMMUNICATIONS INC,LVLT,D000000674,,
LYONDELLBASELL INDUSTRIES N V,LYB,D000066631,,
MACYS INC,M,D000021659,,
MASTERCARD INC,MA,D000022099,,
MID AMERICA APT COMMUNITIES INC,MAA,,"D000023936, American College of Nurse-Midwives; D000000132, Archer Daniels Midland; D000047688, Bemidji Regional Airport; D000049012, City of Middletown, CT; D000049013, City of Midland, TX; D000044786, Dcp Midstream; D000025825, First Midwest Bancorp ; D000059209, First Midwest Financial; D000033690, First Midwest Group; D000025834, FL Smidth Group ; D000068258, Goodnight Midstream; D000051194, GPA Midstream Assn; D000040359, Lowe Enterprises Mid-Atlantic; D000027337, Magellan Midstream Partners; D000027591, Mid Manhattan PAC; D000035861, Mid-America Group; D000053763, Mid-American Christian University; D000053765, Mid-Sized Bank Coalition; D000062451, Mid-State Distributing; D000020854, MidCon Corp; D000053767, Midcontinent Communications; D000070190, Middle Class Values PAC; D000071408, Middle Seat Consulting; D000062453, Middle Tennessee State University; D000069119, Middlebury College; D000066765, Middleby Corp; D000053768, Middlesex Community College; D000071827, Middlesex Corp; D000053769, Middleton Township, NJ; D000053770, Middletown Tube Works; D000053771, Midfirst Bank; D000053772, Midland Co; D000035862, Midland Energy; D000035864, Midland Financial; D000043873, Midland Group; D000062454, Midland Marine Corp; D000053773, Midland Oil; D000022114, Midnight Sun ; D000035860, MidOcean Partners; D000053775, Midpeninsula Regional Open Space Dist; D000035865, Midstream Partners ; D000035866, Midtown Equities; D000064903, Midtown Miami Design District; D000035867, Midtown Niki Group ; D000035868, Midtown Operating; D000062455, Midway USA; D000062456, Midway Wholesale; D000062457, Midwest Air Technologies; D000043800, Midwest Dermatology; D000045535, Midwest Generation LLC; D000035869, Midwest Medical Transport; D000062458, Midwest Minerals; D000045005, Midwest Poultry Services; D000062459, Midwest Solvents; D000035870, Midwest Stamping; D000044406, Midwest Urology ; D000022115, Midwest Values PAC ; D000062460, Midwest Veterinary Supply; D000062461, Midwestern Auto Group; D000062462, Midwestern Engineers; D000053781, Midwestern University; D000054295, National Middle School Assn; D000068968, North American Midway Entertainment; D000036383, Omidyar Network ; D000068719, Pepsi MidAmerica; D000036888, Pyramid Companies; D000036889, Pyramid Construction; D000055821, Pyramid Lake Paiute Tribe; D000039763, Pyramid Management; D000040139, Pyramid Management Group; D000036890, Pyramid Systems ; D000032446, S Daniel Abraham Center for Middle East Peace; D000063290, Schmidt Assoc; D000063291, Schmidt Wallace Healthcare Management; D000057923, United Contractors Midwest; D000058077, US Mideast Trading; D000041531, Usi Midwest; D000038517, YMCA of Middle Tennessee",No match
MACERICH CO,MAC,D000035530,,
MARRIOTT INTERNATIONAL INC NEW,MAR,D000000272,,
MASCO CORP,MAS,D000027441,,
MATTEL INC,MAT,D000000571,,
MCDONALDS CORP,MCD,D000000373,,
MICROCHIP TECHNOLOGY INC,MCHP,D000070999,,
MCKESSON H B O C INC,MCK,D000022105,,
MOODYS CORP,MCO,D000043203,,
MONDELEZ INTERNATIONAL INC,MDLZ,D000067057,,
MEDTRONIC PLC,MDT,D000022110,,
METLIFE INC,MET,D000000172,,
MOHAWK INDUSTRIES INC,MHK,D000069794,,
MEAD JOHNSON NUTRITION CO,MJN,D000042361,,Reckitt Benckiser is its parent company in the UK
MCCORMICK & CO INC,MKC,D000070780,,
MARTIN MARIETTA MATERIALS INC,MLM,D000035646,,
MARSH & MCLENNAN COS INC,MMC,D000027415,,
3M CO,MMM,D000021800,,
MALLINCKRODT PLC,MNK,D000022900,,
MONSTER BEVERAGE CORP NEW,MNST,,"D000069530, Monster Energy; D000035968, Monster Worldwide",I would probably go with Monster Energy?
ALTRIA GROUP INC,MO,D000000067,,
MONSANTO CO NEW,MON,D000000055,,
MOSAIC COMPANY NEW,MOS,D000023178,,
MARATHON PETROLEUM CORP,MPC,D000023121,,
MERCK & CO INC NEW,MRK,D000000275,,
MARATHON OIL CORP,MRO,D000000244,,
MORGAN STANLEY DEAN WITTER & CO,MS,D000000106,,
MICROSOFT CORP,MSFT,D000000115,,
MOTOROLA SOLUTIONS INC,MSI,D000000355,,
M & T BANK CORP,MTB,D000035524,,
METTLER TOLEDO INTERNATIONAL INC,MTD,D000059404,,
MICRON TECHNOLOGY INC,MU,D000027589,,
MURPHY OIL CORP,MUR,D000027753,,
MYLAN N V,MYL,D000027765,,Mylan Inc and Mylan NV completed merger
NAVIENT CORP,NAVI,D000068171,,
NOBLE ENERGY INC,NBL,D000045053,,
NASDAQ INC,NDAQ,D000020994,,
NEXTERA ENERGY INC,NEE,D000000321,,
NEWMONT MINING CORP,NEM,D000071923,,
NETFLIX INC,NFLX,D000036161,,
NEWFIELD EXPLORATION CO,NFX,D000027986,,
NISOURCE INC,NI,D000000410,,
NIKE INC,NKE,D000027998,,
NIELSEN HOLDINGS PLC,NLSN,D000036226,,
NORTHROP GRUMMAN CORP,NOC,D000000170,,
NATIONAL OILWELL VARCO INC,NOV,D000064935,,
N R G ENERGY INC,NRG,D000028051,,
NORFOLK SOUTHERN CORP,NSC,D000019639,,
NETAPP INC,NTAP,D000036160,,
NORTHERN TRUST CORP,NTRS,D000028035,,
NUCOR CORP,NUE,D000028057,,
NVIDIA CORP,NVDA,D000036303,,
NEWELL BRANDS INC,NWL,D000042727,,
NEWS CORP NEW,NWSA,D000067048,,
REALTY INCOME CORP,O,,"D000046402, Advance Realty Group; D000022883, AEGON USA Realty Advisors; D000068954, Amerisouth Realty; D000031572, Apartment Realty Advisors; D000031583, Apple Realty ; D000031605, Arden Realty ; D000031628, Aronov Realty Management ; D000040631, Arvida Realty Services; D000068138, Associated Estates Realty Corp; D000031690, Atlantic Realty ; D000031691, Atlantic Realty Companies; D000041180, Atlantic Realty Development Corp; D000070424, Brandywine Realty Trust; D000060429, Breslin Realty Developers; D000032121, Bridgecreek Realty ; D000043559, Burrell Realty; D000032297, Capital Realty Services; D000032323, Capstone Realty ; D000032368, Carramerica Realty ; D000032386, Castagna Realty ; D000060622, Charles River Realty Investors; D000065280, Clark Realty Capital; D000023347, Commercial Net Lease Realty; D000060781, Connifer Realty; D000049707, Continental Realty; D000060804, Cooper Square Realty; D000070520, Craig Realty Group; D000060863, Crown Assoc Realty; D000033136, Denver West Realty ; D000050293, Duke Realty; D000033377, Edina Realty ; D000043947, Excel Realty Holdings ; D000022483, Farnsworth Realty; D000050822, Federal Realty Investment Trust; D000069529, Fenwick Keats Realty; D000061271, First Hartford Realty; D000050907, First Industrial Realty Trust; D000059212, First Potomac Realty Trust; D000033688, First Realty Management; D000050967, Florida East Coast Realty; D000033825, Friedkin Realty Group; D000051229, Gem Realty Capital; D000039038, Glenborough Realty Trust; D000044286, Goodman Realty; D000061552, Grunberg Realty; D000066632, Healthcare Realty Trust; D000034393, Heartland Realty Investors; D000034425, Henry Realty ; D000051957, Hudson Realty Capital; D000052227, Integra Realty Resources; D000034742, Investors Realty Inc; D000061900, JEMB Realty; D000052548, Jerome Glick Realty; D000039829, JMB Institutional Realty; D000034873, JMB Realty; D000000665, JP Realty; D000034993, Kane Realty; D000035013, Kaufman Realty; D000035038, Keller Williams Realty; D000035095, Kilroy Realty; D000035100, Kimco Realty ; D000043592, Kite Realty Group; D000052774, Klaff Realty; D000052841, L&S Realty; D000062097, Larson Realty Group; D000065702, Lawyers Investment Realty Group; D000052965, LBG Realty Advisors; D000040185, Loeb Partners Realty; D000035444, Long Realty; D000000667, Mack-Cali Realty; D000035561, Majestic Realty ; D000053347, Maly Commercial Realty; D000062288, Mansur Realty; D000062301, Mark Iv Realty; D000035704, McArdle Realty & Consulting ; D000035979, Monument Realty ; D000036120, National Realty & Devlopment; D000054376, Nationwide Realty Investors; D000036187, New Horizons Realty Advisors; D000036214, Next Realty; D000062664, Nily Investment Realty; D000036269, Northstar Realty Finance ; D000036403, Option One Realty Group; D000036447, Oxford Realty Finance ; D000036519, Park Tower Realty; D000043396, Perseus Realty; D000036670, Phillips Development & Realty; D000062914, Planned Realty Group; D000036747, Polis Realty ; D000043634, Premium Realty; D000036818, Price Realty Group ; D000055676, Primary Realty Corp; D000022372, Pritzker Realty Group; D000055764, Provident Realty Advisors; D000063000, Provident Realty Partners; D000021405, Prudential Preferred Realty; D000018058, Prudential Realty; D000021412, Prudential Windmill Realty; D000063025, R&R Realty; D000036951, Ram Realty Services; D000023052, Re/Max Professional Realty; D000000685, Re/Max Realty; D000055948, Realm Realty; D000063062, Realty Investment Co; D000036990, Reckson Assoc Realty; D000037080, Rfr Realty; D000069508, Rising Realty Partners; D000056220, Rodeo Realty; D000063184, Rokeby Realty; D000063261, Sandlian Realty; D000037543, Shire Realty ; D000037620, SL Green Realty ; D000063431, SL Nusbaum Realty; D000037677, Sotheby's Realty; D000030368, Thf Realty; D000030400, Thompson Realty ; D000030434, Time Realty Investments; D000045289, Tishman Hotel & Realty; D000063748, Town West Realty; D000067353, TTR Sotheby's International Realty; D000021470, UBS Realty Investors; D000030733, US Equities Realty ; D000063879, US Realty; D000030808, Verde Realty ; D000030862, Vornado Realty Trust; D000030961, Weingarten Realty Investors ; D000064044, William Cummings Realty; D000031124, Winthrop Realty Trust ; D000031177, Yale Realty Services",No match
ONEOK INC NEW,OKE,D000028149,,
OMNICOM GROUP INC,OMC,D000022170,,
ORACLE CORP,ORCL,D000000422,,
O REILLY AUTOMOTIVE INC NEW,ORLY,D000042427,,
OCCIDENTAL PETROLEUM CORP,OXY,D000000206,,
PAYCHEX INC,PAYX,D000069826,,
PEOPLES UNITED FINANCIAL INC,PBCT,,"D000036602, Peoples Bank ; D000045098, Peoples Energy; D000055334, Peoples Exchange Bank; D000036603, Peoples Gas & North Shore Gas; D000042872, PeopleSoft",No match
PACCAR INC,PCAR,D000028201,,
P G & E CORP,PCG,D000000290,,
PRICELINE GROUP INC,PCLN,D000042443,,
PATTERSON COMPANIES INC,PDCO,D000036547,,
PUBLIC SERVICE ENTERPRISE GP INC,PEG,D000000612,,
PEPSICO INC,PEP,D000000200,,
PFIZER INC,PFE,D000000138,,
PRINCIPAL FINANCIAL GROUP INC,PFG,D000000669,,
PROCTER & GAMBLE CO,PG,D000000485,,
PROGRESSIVE CORP OH,PGR,D000036842,,
PARKER HANNIFIN CORP,PH,D000028227,,
PULTE GROUP INC,PHM,D000028493,,
PERKINELMER INC,PKI,D000055352,,
PROLOGIS INC,PLD,D000044228,,
PHILIP MORRIS INTERNATIONAL INC,PM,D000055403,,
P N C FINANCIAL SERVICES GRP INC,PNC,D000028396,,
PENTAIR PLC,PNR,D000067605,,
PINNACLE WEST CAPITAL CORP,PNW,D000000658,,
P P G INDUSTRIES INC,PPG,D000028426,,
P P L CORP,PPL,D000022195,,
PERRIGO CO PLC,PRGO,D000036624,,
PRUDENTIAL FINANCIAL INC,PRU,D000000141,,
PUBLIC STORAGE,PSA,D000036869,,
PHILLIPS 66,PSX,D000019668,,
P V H CORP,PVH,D000042187,,
QUANTA SERVICES INC,PWR,D000036905,,
PRAXAIR INC,PX,D000028430,,
PIONEER NATURAL RESOURCES CO,PXD,D000059510,,
PAYPAL HOLDINGS INC,PYPL,D000043003,,
QUALCOMM INC,QCOM,D000000794,,
QORVO INC,QRVO,,,No match
RYDER SYSTEMS INC,R,D000028848,,
REYNOLDS AMERICAN INC,RAI,D000000092,,
ROYAL CARIBBEAN CRUISES LTD,RCL,D000037257,,
REGENCY CENTERS CORP,REG,D000037011,,
REGENERON PHARMACEUTICALS INC,REGN,D000067512,,
REGIONS FINANCIAL CORP NEW,RF,D000022216,,
ROBERT HALF INTERNATIONAL INC,RHI,D000037158,,
RED HAT INC,RHT,D000036997,,
TRANSOCEAN LTD,RIG,D000045915,,
RAYMOND JAMES FINANCIAL INC,RJF,D000036970,,
RALPH LAUREN CORP,RL,D000036748,,
ROCKWELL AUTOMATION INC,ROK,D000056216,,
ROPER TECHNOLOGIES INC,ROP,D000056236,,
ROSS STORES INC,ROST,D000042761,,
RANGE RESOURCES CORP,RRC,D000071100,,
REPUBLIC SERVICES INC,RSG,D000023869,,
RAYTHEON CO,RTN,D000000175,,
STARBUCKS CORP,SBUX,D000037780,,
SCANA CORP NEW,SCG,D000028916,,
SCHWAB CHARLES CORP NEW,SCHW,D000000414,,
SEALED AIR CORP NEW,SEE,D000069802,,
SHERWIN WILLIAMS CO,SHW,D000037533,,
SIGNET JEWELERS LTD,SIG,D000043083,,
SMUCKER J M CO,SJM,D000034869,,
SCHLUMBERGER LTD,SLB,D000037414,,
S L GREEN REALTY CORP,SLG,D000037620,,
SNAP ON INC,SNA,D000071346,,
SCRIPPS NETWORKS INTERACTIVE INC,SNI,D000056521,,
SYNOPSYS INC,SNPS,D000030248,,
SOUTHERN CO,SO,D000000168,,
SIMON PROPERTY GROUP INC NEW,SPG,D000037598,,
S & P GLOBAL INC,SPGI,D000035733,,
STAPLES INC,SPLS,D000029185,,
STERICYCLE INC,SRCL,D000029206,,
SEMPRA ENERGY,SRE,D000000415,,
SUNTRUST BANKS INC,STI,D000022269,,
STATE STREET CORP,STT,D000029194,,
SEAGATE TECHNOLOGY PLC,STX,D000022242,,
CONSTELLATION BRANDS INC,STZ,D000025112,,
STANLEY BLACK & DECKER INC,SWK,D000057143,,
SKYWORKS SOLUTIONS INC,SWKS,,,No match
SOUTHWESTERN ENERGY CO,SWN,D000029143,,
SYNCHRONY FINANCIAL,SYF,D000067988,,
STRYKER CORP,SYK,D000030157,,
SYMANTEC CORP,SYMC,D000029309,,
SYSCO CORP,SYY,D000030251,,
A T & T INC,T,D000000076,,
MOLSON COORS BREWING CO,TAP,D000027694,,
TERADATA CORP DE,TDC,D000029380,,
TRANSDIGM GROUP INC,TDG,D000070563,,
T E CONNECTIVITY LTD,TEL,D000022388,,
TEGNA INC,TGNA,D000051182,,
TARGET CORP,TGT,D000000619,,
TIFFANY & CO NEW,TIF,D000030418,,
T J X COMPANIES INC NEW,TJX,D000030442,,
TORCHMARK CORP,TMK,D000000301,,Torchmark is renamed as Globe Life
THERMO FISHER SCIENTIFIC INC,TMO,D000023662,,
TRIPADVISOR INC,TRIP,D000059652,,
T ROWE PRICE GROUP INC,TROW,D000030253,,
TRAVELERS COMPANIES INC,TRV,D000021773,,
TRACTOR SUPPLY CO NEW,TSCO,D000063753,,
TYSON FOODS INC,TSN,D000000460,,
TESORO CORP,TSO,D000057517,,Tesoro is renamed as Andeavor
TOTAL SYSTEM SERVICES INC,TSS,D000029492,,
TIME WARNER INC NEW,TWX,D000000881,,
TEXAS INSTRUMENTS INC,TXN,D000000722,,
TEXTRON INC,TXT,D000000201,,
UNDER ARMOUR INC,UA,D000068106,,
UNITED CONTINENTAL HOLDINGS INC,UAL,D000021464,,"Renamed to United Airlines Holdings, Inc"
U D R INC,UDR,D000063814,,
UNIVERSAL HEALTH SERVICES INC,UHS,D000029589,,
ULTA SALON COSMETICS & FRAG INC,ULTA,D000069528,,
UNITEDHEALTH GROUP INC,UNH,D000000348,,
UNUM GROUP,UNM,D000029594,,
UNION PACIFIC CORP,UNP,D000000118,,
UNITED PARCEL SERVICE INC,UPS,D000000081,,
UNITED RENTALS INC,URI,D000029582,,
U S BANCORP DEL,USB,D000000487,,
UNITED TECHNOLOGIES CORP,UTX,D000000209,,
VISA INC,V,D000029689,,
VARIAN MEDICAL SYSTEMS INC,VAR,D000029636,,
V F CORP,VFC,D000030824,,
VIACOM INC NEW,VIAB,D000000190,,
VALERO ENERGY CORP NEW,VLO,D000022303,,
VULCAN MATERIALS CO,VMC,D000029725,,
VORNADO REALTY TRUST,VNO,D000030862,,
VERISK ANALYTICS INC,VRSK,D000068810,,
VERISIGN INC,VRSN,D000022307,,
VERTEX PHARMACEUTICALS INC,VRTX,D000030819,,
VENTAS INC,VTR,D000030803,,
VERIZON COMMUNICATIONS INC,VZ,D000000079,,
WATERS CORP,WAT,D000030926,,
WALGREENS BOOTS ALLIANCE INC,WBA,D000029736,,
WESTERN DIGITAL CORP,WDC,D000069788,,
W E C ENERGY GROUP INC,WEC,D000029889,,
WELLS FARGO & CO NEW,WFC,D000019743,,
WHOLE FOODS MARKET INC,WFM,D000031048,,
WHIRLPOOL CORP,WHR,D000029842,,
WILLIS TOWERS WATSON PUB LTD CO,WLTW,D000070677,,
WASTE MANAGEMENT INC DEL,WM,D000000161,,
WILLIAMS COS,WMB,D000000480,,
WAL MART STORES INC,WMT,D000000367,,
WESTERN UNION CO,WU,D000029829,,
WEYERHAEUSER CO,WY,D000000430,,
WYNDHAM WORLDWIDE CORP,WYN,D000029934,,Renamed to Wyndham destinations
WYNN RESORTS LTD,WYNN,D000022328,,
CIMAREX ENERGY CO,XEC,D000071074,,
X C E L ENERGY INC,XEL,D000022329,,
X L GROUP LTD,XL,D000021855,,Renamed to AXA XL
XILINX INC,XLNX,D000070777,,
EXXON MOBIL CORP,XOM,D000000129,,
DENTSPLY SIRONA INC,XRAY,,,No match
XEROX CORP,XRX,D000000607,,
XYLEM INC,XYL,D000071067,,
YAHOO INC,YHOO,D000022330,,
YUM BRANDS INC,YUM,D000029955,,
ZIMMER BIOMET HOLDINGS INC,ZBH,D000029967,,
ZIONS BANCORPORATION,ZION,D000029969,,
ZOETIS INC,ZTS,D000022855,,