comnam,ticker,org_id,org_id_candidates
AGILENT TECHNOLOGIES INC,A,D000019838,
AMERICAN AIRLINES GROUP INC,AAL,D000067697,
ADVANCE AUTO PARTS INC,AAP,D000042550,
APPLE INC,AAPL,,"D000060128, Apple Finance Co; D000021754, Apple Inc; D000060129, Apple Oaks Partners; D000060130, Apple Physical Therapy; D000031583, Apple Realty                            ; D000031584, Apple REIT Companies                    ; D000047189, Apple Vacations; D000042050, Dr Pepper Snapple Group; D000051386, Golden Apple Foundation; D000036995, Red Apple Group                         ; D000029599, US Apple Assn                           "
ABBVIE INC,ABBV,D000066804,
AMERISOURCEBERGEN CORP,ABC,D000021841,
ABBOTT LABORATORIES,ABT,D000000383,
ACCENTURE PLC IRELAND,ACN,,
ADOBE SYSTEMS INC,ADBE,,
ANALOG DEVICES INC,ADI,D000060098,
ARCHER DANIELS MIDLAND CO,ADM,D000000132,
AUTOMATIC DATA PROCESSING INC,ADP,D000031719,
ALLIANCE DATA SYSTEMS CORP,ADS,D000046668,
AUTODESK INC,ADSK,D000031718,
AMEREN CORP,AEE,D000023888,
AMERICAN ELECTRIC POWER CO INC,AEP,D000000573,
A E S CORP,AES,,"D000023775, AES Corp                                ; D000022526, Caesars Atlantic City; D000000282, Caesars Entertainment; D000022751, Caesars Palace; D000050499, Elttaes Enterprises; D000062055, Korenvaes Capital Management; D000035416, Little Caesars; D000044277, Maestas & Ward                          "
AETNA INC NEW,AET,D000000296,
AFLAC INC,AFL,D000000126,
ALLERGAN PLC,AGN,D000029765,
AMERICAN INTERNATIONAL GROUP INC,AIG,D000000123,
APARTMENT INVESTMENT & MGMT CO,AIV,D000040044,
ASSURANT INC,AIZ,D000021852,
GALLAGHER ARTHUR J & CO,AJG,,
AKAMAI TECHNOLOGIES INC,AKAM,D000031366,
ALBEMARLE CORP,ALB,D000046623,
ALASKA AIRGROUP INC,ALK,,
ALLSTATE CORP,ALL,,"D000060035, Allstate Industrial Equipment; D000000632, Allstate Insurance"
ALLEGION PLC,ALLE,,
ALEXION PHARMACEUTICALS INC,ALXN,D000045930,
APPLIED MATERIALS INC,AMAT,D000024099,
ADVANCED MICRO DEVICES INC,AMD,D000023765,
AMETEK INC NEW,AME,D000047109,
AFFILIATED MANAGERS GROUP INC,AMG,D000021808,
AMGEN INC,AMGN,,"D000000391, Amgen Inc                               ; D000055900, Ramgen Power Systems"
AMERIPRISE FINANCIAL INC,AMP,D000021700,
AMERICAN TOWER CORP NEW,AMT,D000047071,
AMAZON COM INC,AMZN,,
AUTONATION INC DEL,AN,D000019759,
ANTHEM INC,ANTM,,
AON PLC,AON,D000066741,
APACHE CORP,APA,,"D000024095, Apache Corp                             ; D000051040, Fort Sill Apache Tribe of Oklahoma; D000034853, Jicarilla Apache Nation                 ; D000053665, Mescalero Apache Tribe; D000056384, San Carlos Apache Tribe"
ANADARKO PETROLEUM CORP,APC,D000000459,
AIR PRODUCTS & CHEMICALS INC,APD,,"D000021809, Air Products & Chemicals Inc            ; D000045349, Air Products Healthcare"
AMPHENOL CORP NEW,APH,,"D000047897, Amphenol Borisch Technologies; D000068838, Amphenol Corp"
ALEXANDRIA REAL EST EQUITIES INC,ARE,,
ARCONIC INC,ARNC,D000068282,
ACTIVISION BLIZZARD INC,ATVI,D000042008,
AVALONBAY COMMUNITIES INC,AVB,D000071082,
BROADCOM LTD,AVGO,,"D000032139, Broadcom Corp                           ; D000060210, Broadcom Inc"
AVERY DENNISON CORP,AVY,D000045945,
AMERICAN WATER WORKS CO INC,AWK,,"D000047083, American Water Works Assn; D000031514, American Water Works Co"
AMERICAN EXPRESS CO,AXP,D000000217,
ACUITY BRANDS INC,AYI,,"D000071070, Acuity Brands; D000046355, Acuity Brands Lighting"
AUTOZONE INC,AZO,D000024208,
BOEING CO,BA,,"D000047548, Aviation Partners Boeing; D000000100, Boeing Co                               ; D000047878, Boeing Employees' Credit Union"
BANK OF AMERICA CORP,BAC,,"D000000090, Bank of America; D000022562, Bank of America Leasing Group"
BAXTER INTERNATIONAL INC,BAX,D000000643,
BED BATH & BEYOND INC,BBBY,D000031877,
B B & T CORP,BBT,,"D000023729, ABB Group                               ; D000066908, Chubb & Son; D000000320, Chubb Corp                              ; D000023744, Chubb INA; D000049449, Cobb County, GA; D000032708, Cobb Partners                           ; D000045967, FBB Federal Relations; D000033811, Freeman Webb Co                         ; D000034219, Grubb & Ellis                           ; D000034415, Hendersen-Webb Inc                      ; D000037152, Robb & Robb                             ; D000030402, Thompson, Cobb et al                    ; D000058480, Webb Institute"
BEST BUY COMPANY INC,BBY,,
BARD C R INC,BCR,,
BECTON DICKINSON & CO,BDX,,
FRANKLIN RESOURCES INC,BEN,D000021991,
BROWN FORMAN CORP,BF,,
BAKER HUGHES INC,BHI,D000031773,
BIOGEN INC,BIIB,D000024368,
BANK OF NEW YORK MELLON CORP,BK,,
BLACKROCK INC,BLK,,"D000023167, BlackRock Financial Management; D000021872, BlackRock Inc                           ; D000047825, Blackrock Investments"
BALL CORP,BLL,,"D000046857, American Ballet Theater; D000024239, Ball Corp                               ; D000044601, Ball Healthcare Services                ; D000031780, Ball Homes                              ; D000031781, Ball Janik LLP                          ; D000047600, Ball State University; D000072016, Ball Ventures; D000071130, Ballad Health; D000047601, Ballard Exploration; D000037635, Ballard Partners; D000024240, Ballard Power Systems                   ; D000031782, Ballard Spahr LLP; D000031783, Balli Group                             ; D000024241, Bally Technologies                      ; D000042565, Bally Total Fitness; D000043922, Brockton Rox Baseball                   ; D000024529, Butterball LLC; D000032347, Carlsmith Ball LLP                      ; D000035204, L Robert Kimball & Assoc                ; D000022093, Major League Baseball Commissioner's Ofc; D000053332, Major League Baseball Players Assn; D000036102, National Basketball Assn                ; D000054244, National Football Foundation; D000027847, National Football League                ; D000054245, National Football League Players Assn; D000030627, United Football League                  ; D000042171, Women's National Basketball Assn"
BRISTOL MYERS SQUIBB CO,BMY,,
BERKSHIRE HATHAWAY INC DEL,BRK,D000021757,
BOSTON SCIENTIFIC CORP,BSX,D000021878,
BORGWARNER INC,BWA,D000067815,
BOSTON PROPERTIES INC,BXP,D000032060,
CITIGROUP INC,C,D000000071,
C A INC,CA,,
CONAGRA BRANDS INC,CAG,D000000242,
CARDINAL HEALTH INC,CAH,D000021892,
CATERPILLAR INC,CAT,D000000352,
CHUBB LTD,CB,,"D000066908, Chubb & Son; D000000320, Chubb Corp                              ; D000023744, Chubb INA"
C B R E GROUP INC,CBG,D000021899,
C B O E HOLDINGS INC,CBOE,,
C B S CORP NEW,CBS,,"D000023301, CBS Guiding Light; D000044332, Cbs-Paramount                           "
CROWN CASTLE INTL CORP NEW,CCI,,
CARNIVAL CORP,CCL,,"D000023896, America's Fairs, Carnivals & Circuses; D000000832, Carnival Corp                           "
CELGENE CORP,CELG,D000032432,
CERNER CORP,CERN,D000024686,
C F INDUSTRIES HOLDINGS INC,CF,,
CITIZENS FINANCIAL GROUP INC,CFG,D000021913,
CHURCH & DWIGHT INC,CHD,,"D000047098, Americans United for Separation of Church & State; D000042617, Church & Dwight; D000044751, Church of Jesus Christ/Latter Day Saints; D000048670, Church of Scientology International; D000033674, First Baptist Church of Alexandria      ; D000050896, First Church of Christ Scientist; D000034142, Grace Church School                     ; D000058678, WK Upchurch Construction"
CHESAPEAKE ENERGY CORP,CHK,D000021908,
CH ROBINSON WORLDWIDE INC,CHRW,D000032477,
CHARTER COMMUNICATIONS INC NEW,CHTR,D000000672,
CIGNA CORP,CI,,"D000000222, Cigna Corp                              ; D000021149, Cigna Healthcare of Arizona"
CINCINNATI FINANCIAL CORP,CINF,D000032579,
COLGATE PALMOLIVE CO,CL,,
CLOROX CO,CLX,D000024879,
COMERICA INC,CMA,D000025046,
COMCAST CORP NEW,CMCSA,D000000461,
C M E GROUP INC,CME,D000023666,
CHIPOTLE MEXICAN GRILL INC,CMG,D000042522,
CUMMINS INC,CMI,,"D000049914, Cummins & White; D000021945, Cummins Inc                             ; D000060876, Cummins Rocky Mountain; D000032993, Cummins Southern Plains                 ; D000025208, Cummins-American Corp                   "
C M S ENERGY CORP,CMS,D000000403,
CENTENE CORP DEL,CNC,D000024670,
CENTERPOINT ENERGY INC,CNP,D000024672,
CAPITAL ONE FINANCIAL CORP,COF,D000021891,
CABOT OIL & GAS CORP,COG,D000060499,
COACH INC,COH,,"D000032263, Campus Coach Lines                      ; D000032701, Coach House Capital                     ; D000032702, Coach Inc                               ; D000049380, Coachella Valley Water District; D000033793, Frank Martz Coach Co                    ; D000038120, Krapf Coaches; D000029579, United Motorcoach Assn                  "
ROCKWELL COLLINS INC,COL,D000028783,
COOPER COMPANIES INC,COO,,
CONOCOPHILLIPS,COP,D000000303,
COSTCO WHOLESALE CORP NEW,COST,D000000703,
COTY INC,COTY,D000042220,
CAMPBELL SOUP CO,CPB,D000024598,
SALESFORCE COM INC,CRM,,
CISCO SYSTEMS INC,CSCO,D000000374,
C S R A INC,CSRA,D000068350,
C S X CORP,CSX,D000000148,
CINTAS CORP,CTAS,D000000274,
CENTURYLINK INC,CTL,D000024683,
COGNIZANT TECHNOLOGY SOLS CORP,CTSH,,
CITRIX SYSTEMS INC,CTXS,D000048699,
C V S HEALTH CORP,CVS,D000025214,
CHEVRON CORP NEW,CVX,,"D000000015, Chevron Corp; D000069447, Chevron Phillips Chemical"
CONCHO RESOURCES INC,CXO,D000065629,
DOMINION RESOURCES INC VA NEW,D,,
DELTA AIR LINES INC,DAL,D000000350,
DU PONT E I DE NEMOURS & CO,DD,,
DEERE & CO,DE,D000000408,
DISCOVER FINANCIAL SERVICES,DFS,D000018253,
DOLLAR GENERAL CORP NEW,DG,D000033222,
QUEST DIAGNOSTICS INC,DGX,D000028499,
D R HORTON INC,DHI,D000033266,
DANAHER CORP,DHR,D000033033,
DISNEY WALT CO,DIS,,
DISCOVERY COMMUNICATIONS INC,DISCA,,
DISH NETWORK CORPORATION,DISH,D000000535,
DELPHI AUTOMOTIVE PLC,DLPH,,
DIGITAL REALTY TRUST INC,DLR,,
DOLLAR TREE INC,DLTR,D000033224,
DOVER CORP,DOV,,"D000059154, Dover Corp; D000061035, Dover Development; D000031105, Windover Developments                   "
DOW CHEMICAL CO,DOW,,"D000000188, Dow Chemical                            ; D000025559, Dow Chemical/Corning                    "
DR PEPPER SNAPPLE GROUP INC,DPS,D000042050,
DARDEN RESTAURANTS INC,DRI,D000021949,
D T E ENERGY CO,DTE,D000000561,
DUKE ENERGY CORP NEW,DUK,D000000477,
DAVITA INC,DVA,D000021951,
DEVON ENERGY CORP NEW,DVN,D000025483,
ELECTRONIC ARTS INC,EA,D000033404,
EBAY INC,EBAY,D000021970,
ECOLAB INC,ECL,D000025625,
CONSOLIDATED EDISON INC,ED,D000025111,
EQUIFAX INC,EFX,D000025712,
EDISON INTERNATIONAL,EIX,D000000239,
LAUDER ESTEE COS INC,EL,,
EASTMAN CHEMICAL CO,EMN,D000000744,
EMERSON ELECTRIC CO,EMR,D000019828,
EOG RESOURCES INC,EOG,D000043943,
EQUINIX INC,EQIX,D000064717,
EQUITY RESIDENTIAL,EQR,,
E Q T CORP,EQT,D000025713,
EVERSOURCE ENERGY,ES,D000028032,
EXPRESS SCRIPTS HOLDING CO,ESRX,,
ESSEX PROPERTY TRUST INC,ESS,,
E TRADE FINANCIAL CORP,ETFC,,
EATON CORP PLC,ETN,,
ENTERGY CORP NEW,ETR,D000000255,
ENVISION HEALTHCARE HOLDINGS INC,EVHC,,
EDWARDS LIFESCIENCES CORP,EW,D000025642,
EXELON CORP,EXC,,"D000022422, Exelon Business Services; D000000368, Exelon Corp; D000045436, Exelon Power"
EXPEDITORS INTERNATIONAL WA INC,EXPD,,
EXPEDIA INC DE,EXPE,,
EXTRA SPACE STORAGE INC,EXR,,
FORD MOTOR CO DEL,F,D000000182,
FASTENAL COMPANY,FAST,,
FACEBOOK INC,FB,D000033563,
FORTUNE BRANDS HOME & SECUR INC,FBHS,,
FREEPORT MCMORAN INC,FCX,,
FEDEX CORP,FDX,,"D000000089, FedEx Corp; D000023324, FedEx Ground Package System; D000023120, FedEx Kinko's; D000022653, Fedex Services; D000022783, FedEx Trade Networks"
FIRSTENERGY CORP,FE,,"D000000531, FirstEnergy Corp                        ; D000045439, FirstEnergy Solutions"
F 5 NETWORKS INC,FFIV,,
FIDELITY NATIONAL INFO SVCS INC,FIS,,
FISERV INC,FISV,D000025831,
FIFTH THIRD BANCORP,FITB,D000021983,
FOOT LOCKER INC,FL,D000042432,
FLIR SYSTEMS INC,FLIR,D000025840,
FLUOR CORP NEW,FLR,D000000277,
FLOWSERVE CORP,FLS,D000071102,
F M C CORP,FMC,,"D000000327, FMC Corp                                ; D000025862, FMC Technologies                        ; D000069769, TechnipFMC plc"
TWENTY FIRST CENTURY FOX INC,FOXA,,
FEDERAL REALTY INVESTMENT TRUST,FRT,D000050822,
F M C TECHNOLOGIES INC,FTI,D000025862,
FORTIVE CORP,FTV,D000070756,
GENERAL DYNAMICS CORP,GD,,"D000000165, General Dynamics                        ; D000023112, General Dynamics Advanced Info Systems"
GENERAL ELECTRIC CO,GE,,"D000000125, General Electric; D000001020, Portland General Electric"
GENERAL GROWTH PPTYS INC NEW,GGP,,
GILEAD SCIENCES INC,GILD,D000026221,
GENERAL MILLS INC,GIS,D000000467,
CORNING INC,GLW,,"D000000457, Corning Inc                             ; D000025559, Dow Chemical/Corning                    ; D000000510, Owens Corning                           "
GENERAL MOTORS CO,GM,D000000155,
ALPHABET INC,GOOGL,D000067823,
GENUINE PARTS CO,GPC,D000069785,
GLOBAL PAYMENTS INC,GPN,D000071814,
GAP INC,GPS,,"D000000547, Gap Inc; D000033950, Gapvax Inc                              ; D000025163, MegaPath Inc; D000070308, Megaphone PAC"
GARMIN LTD,GRMN,D000064756,
GOLDMAN SACHS GROUP INC,GS,,
GOODYEAR TIRE & RUBBER CO,GT,D000000691,
GRAINGER W W INC,GWW,,
HALLIBURTON COMPANY,HAL,,
HASBRO INC,HAS,D000034347,
HUNTINGTON BANCSHARES INC,HBAN,D000026556,
HANESBRANDS INC,HBI,D000041306,
H C A HOLDINGS INC,HCA,,
WELLTOWER INC,HCN,D000071585,
H C P INC,HCP,D000034375,
HOME DEPOT INC,HD,D000000419,
HESS CORP,HES,,"D000051607, Hahn & Hessen; D000034447, Hess Corp                               ; D000034448, Hess Energy Trading                     ; D000064216, Hessel, Aluise & Neun; D000031050, Wilco Hess                              "
HARTFORD FINANCIAL SVCS GRP INC,HIG,,
HARLEY DAVIDSON INC,HOG,D000053980,
HOLOGIC INC,HOLX,,"D000047002, American Psychological Assn; D000047375, Association for Psychological Science; D000026173, Hologic Inc"
HONEYWELL INTERNATIONAL INC,HON,D000000334,
HELMERICH & PAYNE INC,HP,D000051754,
HEWLETT PACKARD ENTERPRISE CO,HPE,D000067800,
H P INC,HPQ,,
BLOCK H & R INC,HRB,,
HORMEL FOODS CORP,HRL,D000026518,
HARRIS CORP,HRS,,"D000065581, Andy Harris for Congress; D000032162, Brown Harris Stevens                    ; D000033746, Ford & Harrison                         ; D000034330, Harris Assoc                            ; D000034331, Harris Bank                             ; D000026392, Harris Beach LLP                        ; D000000395, Harris Corp                             ; D000051643, Harris County Healthcare Alliance; D000051644, Harris County Hospital District; D000051646, Harris County Metro Transit Authority; D000051647, Harris County, TX; D000034332, Harris Farms                            ; D000051648, Harris Firm; D000034333, Harris FRC                              ; D000069835, Harris Media; D000043174, Harris My Cfo Inc                       ; D000051649, Harris Publications; D000044886, Harris, Deville & Assoc; D000066575, Harris, Penn et al; D000067152, Harris, Williams & Co; D000034334, Harris, Wiltshire & Grannis             ; D000051651, Harrisburg Area Community College; D000051652, Harrison County, IN; D000044499, Harrison Gypsum                         ; D000061598, Harrison Street Real Estate Capital; D000061600, Harrison, White et al; D000034749, Irving Harris Foundation                ; D000035135, Klehr, Harrison et al                   ; D000071910, L3Harris Technologies; D000053422, Martin Harris Construction; D000036298, Nutter & Harris                         ; D000037415, Schnader, Harrison et al                ; D000043920, Susan Harris                            ; D000030606, Ungaretti & Harris                      "
SCHEIN HENRY INC,HSIC,,
HOST HOTELS & RESORTS INC,HST,D000020007,
HERSHEY CO,HSY,,"D000026470, Hershey Co                              ; D000026471, Hershey Entertainment & Resorts         "
HUMANA INC,HUM,D000000652,
INTERNATIONAL BUSINESS MACHS COR,IBM,,
INTERCONTINENTALEXCHANGE GRP INC,ICE,,
I D E X X LABORATORIES INC,IDXX,D000052029,
INTERNATIONAL FLAVORS & FRAG INC,IFF,D000070781,
ILLUMINA INC,ILMN,,"D000071004, Illumina Inc; D000052050, Illuminating Concepts"
INCYTE CORP,INCY,,
INTEL CORP,INTC,,"D000023974, American Intellectual Property Law Assn ; D000066659, Applied Systems Intelligence; D000048297, Cardinal Intellectual Property; D000067248, Catch Intelligence; D000067258, Conversant Intellectual Property Management; D000000804, Intel Corp                              ; D000026633, Intellectual Property Owners Assn       ; D000022044, Intellectual Ventures LLC               ; D000052240, Intellicheck; D000066907, Intelligent Communication Systems; D000052241, Intelligent Energy; D000034705, Intelligent Optical Systems             ; D000070393, Remedy Intelligent Staffing"
INTUIT INC,INTU,,"D000026667, Intuit Inc                              ; D000044928, Intuition Systems; D000045984, Intuitive Surgical"
INTERNATIONAL PAPER CO,IP,D000000171,
INTERPUBLIC GROUP COS INC,IPG,,
INGERSOLL RAND PLC,IR,,
IRON MOUNTAIN INC NEW,IRM,D000052410,
INTUITIVE SURGICAL INC,ISRG,D000045984,
GARTNER INC,IT,D000033958,
ILLINOIS TOOL WORKS INC,ITW,D000022038,
INVESCO LTD,IVZ,D000026669,
HUNT J B TRANSPORT SERVICES INC,JBHT,,
JACOBS ENGINEERING GROUP INC,JEC,D000000371,
JOHNSON & JOHNSON,JNJ,,"D000060322, Bennington, Johnson et al; D000032210, C Lloyd Johnson Co                      ; D000032735, Coleman, Johnson & Artigues             ; D000044778, Cranford, Johnson et al; D000033267, DR Johnson Lumber Co                    ; D000033369, Eddie Bernice Johnson for Congress      ; D000050426, EF Johnson Technologies; D000065375, Etkin Johnson Group; D000033892, Friends of Sam Johnson                  ; D000033945, Gallop, Johnson & Neuman                ; D000033960, Gary C Johnson Psc                      ; D000061420, Ge Johnson Construction; D000061935, Johnson & Assoc; D000044944, Johnson & Blanton; D000000386, Johnson & Johnson                       ; D000052598, Johnson & Wales University; D000034911, Johnson Brothers                        ; D000052599, Johnson C Smith University; D000000664, Johnson Co                              ; D000034912, Johnson Construction                    ; D000026889, Johnson Controls                        ; D000000644, Johnson Controls International; D000070158, Johnson County Community College; D000046156, Johnson County, IN; D000034913, Johnson Development                     ; D000071820, Johnson Development Assoc; D000034915, Johnson Group                           ; D000043695, Johnson Holdings                        ; D000044945, Johnson Machinery; D000052601, Johnson Outdoors; D000034917, Johnson Publishing                      ; D000043329, Johnson Research & Development          ; D000043862, Johnson Smick International             ; D000034918, Johnson Timber                          ; D000034919, Johnson Ventures                        ; D000062263, Magic Johnson Enterprises; D000043810, Melville Johnson PC                     ; D000043688, New York Jets/Johnson Co                ; D000036628, Perry Johnson Inc                       ; D000056194, Robert Wood Johnson University Hospital; D000067571, Rothgerber, Johnson & Lyons; D000028914, SC Johnson & Son                        ; D000045173, Shamberg, Johnson & Bergman; D000069827, Shorr Johnson Magnus; D000022267, Steptoe & Johnson                       ; D000030423, Tim Johnson for South Dakota            ; D000064069, Wold Johnson PC"
JUNIPER NETWORKS INC,JNPR,D000034967,
JPMORGAN CHASE & CO,JPM,D000000103,
NORDSTROM INC,JWN,,"D000039725, Nordstrom FSB; D000036243, Nordstrom Inc                           "
KELLOGG CO,K,,"D000026978, Kellogg Co                              ; D000035042, Kellogg, Hansen et al; D000064064, WK Kellogg Foundation"
KEYCORP NEW,KEY,D000000805,
KRAFT HEINZ CO,KHC,D000067808,
KIMCO REALTY CORP,KIM,D000035100,
K L A TENCOR CORP,KLAC,,
KIMBERLY CLARK CORP,KMB,,
KINDER MORGAN INC,KMI,,"D000040346, Kinder Morgan Energy Partners; D000035105, Kinder Morgan Inc                       "
CARMAX INC,KMX,D000021895,
COCA COLA CO,KO,,
MICHAEL KORS HOLDINGS LIMITED,KORS,,
KROGER COMPANY,KR,,
KOHLS CORP,KSS,,
KANSAS CITY SOUTHERN,KSU,D000026944,
LOEWS CORP,L,,"D000000207, Loews Corp                              ; D000053855, Loews Public Affairs Services; D000062198, Loews Regency Hotel"
L BRANDS INC,LB,,"D000043289, Imperial Brands; D000000225, L Brands; D000042727, Newell Brands; D000072111, Parallel Brands"
LEGGETT & PLATT INC,LEG,D000000604,
LENNAR CORP,LEN,,"D000053016, Lennar Corp; D000053017, Lennar Urban"
LABORATORY CORP AMERICA HLDGS,LH,,
L K Q CORP,LKQ,D000045995,
L 3 COMMUNICATIONS HLDGS INC,LLL,,
LILLY ELI & CO,LLY,,
LOCKHEED MARTIN CORP,LMT,D000000104,
LINCOLN NATIONAL CORP,LNC,,"D000022084, Lincoln National Corp                   ; D000059359, Lincoln National Life Insurance"
ALLIANT ENERGY CORP,LNT,D000023866,
LOWES COMPANIES INC,LOW,,
LAM RESH CORP,LRCX,,
LEUCADIA NATIONAL CORP,LUK,,
SOUTHWEST AIRLINES CO,LUV,,"D000000785, Southwest Airlines                      ; D000029139, Southwest Airlines Pilots Assn          "
LEVEL 3 COMMUNICATIONS INC,LVLT,D000000674,
LYONDELLBASELL INDUSTRIES N V,LYB,,
MACYS INC,M,D000021659,
MASTERCARD INC,MA,,"D000023304, Mastercard Advisors; D000022099, Mastercard Inc                          "
MID AMERICA APT COMMUNITIES INC,MAA,,
MACERICH CO,MAC,D000035530,
MARRIOTT INTERNATIONAL INC NEW,MAR,D000000272,
MASCO CORP,MAS,,"D000027441, Masco Corp                              ; D000053439, Mascoma Corp"
MATTEL INC,MAT,D000000571,
MCDONALDS CORP,MCD,,
MICROCHIP TECHNOLOGY INC,MCHP,D000070999,
MCKESSON H B O C INC,MCK,,
MOODYS CORP,MCO,,
MONDELEZ INTERNATIONAL INC,MDLZ,D000067057,
MEDTRONIC PLC,MDT,,
METLIFE INC,MET,,"D000023377, Metlife Bank; D000000172, MetLife Inc"
MOHAWK INDUSTRIES INC,MHK,D000069794,
MEAD JOHNSON NUTRITION CO,MJN,,
MCCORMICK & CO INC,MKC,,"D000070780, McCormick & Co; D000042710, McCormick & Schmick's; D000062354, McCormick Foundation"
MARTIN MARIETTA MATERIALS INC,MLM,D000035646,
MARSH & MCLENNAN COS INC,MMC,,"D000027415, Marsh & McLennan; D000045527, Marsh Inc; D000072092, Marsh LLC; D000045528, Marsh Private Client Life Insurance; D000045529, Marsh USA; D000034895, Marsh Wortham; D000063317, SeaMarsh Group"
3M CO,MMM,,
MALLINCKRODT PLC,MNK,,
MONSTER BEVERAGE CORP NEW,MNST,,
ALTRIA GROUP INC,MO,D000000067,
MONSANTO CO NEW,MON,D000000055,
MOSAIC COMPANY NEW,MOS,,
MARATHON PETROLEUM CORP,MPC,D000023121,
MERCK & CO INC NEW,MRK,,"D000034898, John Merck Fund                         ; D000000275, Merck & Co                              ; D000070060, Merck Animal Health; D000062409, Merck Family Fund; D000027537, Merck KGaA                              "
MARATHON OIL CORP,MRO,D000000244,
MORGAN STANLEY DEAN WITTER & CO,MS,,
MICROSOFT CORP,MSFT,D000000115,
MOTOROLA SOLUTIONS INC,MSI,D000000355,
M & T BANK CORP,MTB,,
METTLER TOLEDO INTERNATIONAL INC,MTD,D000059404,
MICRON TECHNOLOGY INC,MU,D000027589,
MURPHY OIL CORP,MUR,D000027753,
MYLAN N V,MYL,,
NAVIENT CORP,NAVI,D000068171,
NOBLE ENERGY INC,NBL,D000045053,
NASDAQ INC,NDAQ,D000020994,
NEXTERA ENERGY INC,NEE,D000000321,
NEWMONT MINING CORP,NEM,,
NETFLIX INC,NFLX,D000036161,
NEWFIELD EXPLORATION CO,NFX,D000027986,
NISOURCE INC,NI,,"D000000410, NiSource Inc; D000029555, Unisource Energy                        "
NIKE INC,NKE,D000027998,
NIELSEN HOLDINGS PLC,NLSN,,
NORTHROP GRUMMAN CORP,NOC,,"D000000170, Northrop Grumman; D000067714, Northrop Grumman Innovation Systems; D000021353, Northrop Grumman Ship Systems; D000021349, Northrop Grumman Space Technology"
NATIONAL OILWELL VARCO INC,NOV,D000064935,
N R G ENERGY INC,NRG,D000028051,
NORFOLK SOUTHERN CORP,NSC,D000019639,
NETAPP INC,NTAP,D000036160,
NORTHERN TRUST CORP,NTRS,,"D000028035, Northern Trust                          ; D000059451, Northern Trust Management Services"
NUCOR CORP,NUE,D000028057,
NVIDIA CORP,NVDA,D000036303,
NEWELL BRANDS INC,NWL,D000042727,
NEWS CORP NEW,NWSA,,"D000031681, Atlanta Newspapers                      ; D000059147, Detroit Legal News Publishing; D000022754, Fox News Network; D000041006, Hearst Newspapers; D000034430, Herald Newspaper                        ; D000034575, Hudson News                             ; D000052324, InterNews; D000061844, IRN USA News; D000054302, National Newspaper Assn; D000067048, News Corp; D000054676, News Media Alliance; D000054673, NewSchools Venture Fund; D000040941, Newsday; D000054675, NewsMax Media; D000054677, NewStar Financial; D000000351, Newsweb Corp; D000040298, Newsweek; D000036358, Ogden Newspapers                        ; D000059822, San Antonio Express-News; D000030447, Today Newspapers                        "
REALTY INCOME CORP,O,,
ONEOK INC NEW,OKE,D000028149,
OMNICOM GROUP INC,OMC,D000022170,
ORACLE CORP,ORCL,D000000422,
O REILLY AUTOMOTIVE INC NEW,ORLY,,
OCCIDENTAL PETROLEUM CORP,OXY,D000000206,
PAYCHEX INC,PAYX,D000069826,
PEOPLES UNITED FINANCIAL INC,PBCT,,
PACCAR INC,PCAR,D000028201,
P G & E CORP,PCG,,"D000032082, Bpg Properties                          ; D000055378, PG Engineering Solutions; D000028426, PPG Industries                          ; D000022278, TPG Capital"
PRICELINE GROUP INC,PCLN,,
PATTERSON COMPANIES INC,PDCO,D000036547,
PUBLIC SERVICE ENTERPRISE GP INC,PEG,,
PEPSICO INC,PEP,D000000200,
PFIZER INC,PFE,D000000138,
PRINCIPAL FINANCIAL GROUP INC,PFG,D000000669,
PROCTER & GAMBLE CO,PG,D000000485,
PROGRESSIVE CORP OH,PGR,,
PARKER HANNIFIN CORP,PH,,
PULTE GROUP INC,PHM,,
PERKINELMER INC,PKI,D000055352,
PROLOGIS INC,PLD,D000044228,
PHILIP MORRIS INTERNATIONAL INC,PM,D000055403,
P N C FINANCIAL SERVICES GRP INC,PNC,,
PENTAIR PLC,PNR,,
PINNACLE WEST CAPITAL CORP,PNW,D000000658,
P P G INDUSTRIES INC,PPG,D000028426,
P P L CORP,PPL,,"D000031260, ABC Supply                              ; D000024023, American Supply Assn                    ; D000060128, Apple Finance Co; D000021754, Apple Inc; D000060129, Apple Oaks Partners; D000060130, Apple Physical Therapy; D000031583, Apple Realty                            ; D000031584, Apple REIT Companies                    ; D000047189, Apple Vacations; D000031585, Applied Biosystems                      ; D000031586, Applied Companies                       ; D000060131, Applied Data Trends; D000031587, Applied Development Co; D000047192, Applied Energetics; D000047193, Applied Enterprise Solutions; D000047195, Applied Global Technologies; D000058965, Applied Industrial Technologies Inc; D000024099, Applied Materials Inc                   ; D000047196, Applied Physical Electronics; D000047198, Applied Radar; D000066659, Applied Systems Intelligence; D000047199, Applied Technical Systems; D000043865, Applied Underwriters                    ; D000068939, Associated of Feed & Supply Co; D000024172, Association of Home Appliance Manufacturers; D000060422, Brake Supply Co; D000048078, Buffalo Supply; D000048081, Builders Supply Co ; D000060840, Crawford Plumbing Supply; D000032936, Crawford Supply                         ; D000060852, Criterion Supply; D000065278, Cubic Applications Inc; D000045421, Cubic Defense Applications; D000025515, Direct Supply Inc                       ; D000042050, Dr Pepper Snapple Group; D000025661, Electric Power Supply Assn              ; D000044072, Fair Oaks Farm Supply                   ; D000051386, Golden Apple Foundation; D000061601, Harry Cooper Supply; D000044206, Hd Supply                               ; D000026426, Healthcare Supply Chain Assn; D000061710, Hollywood Medical Supply; D000066869, Hughes Supply; D000052134, Industrial Supplies Co; D000052261, Interior Exterior Building Supply; D000052328, Interstate Gas Supply; D000044293, Johnstone Supply                        ; D000052921, Larrol Supply; D000053275, M&A Supply; D000027468, Mayer Electric Supply                   ; D000035809, Merfish Pipe & Supply                   ; D000062460, Midwest Veterinary Supply; D000027637, Mine Safety Appliances                  ; D000062477, Mine Supply Co; D000068529, MWI Veterinary Supply; D000054508, Natural Gas Supply Assn; D000036166, Network Appliance                       ; D000054982, Omar Medical Supplies; D000042226, Orchard Supply Hardware; D000042743, Petco Animal Supplies; D000022195, PPL Corp                                ; D000023397, PPL Montana; D000022897, PPL Susquehanna; D000018050, Prudential Overall Supply; D000036908, Quest Media & Supplies; D000022837, R&K Building Supplies; D000028516, Railway Supply Institute; D000036966, Rare Antibody Antigen Supply            ; D000036995, Red Apple Group                         ; D000056268, Refrigeration Supplies Distributor; D000071522, Ripple Labs; D000037128, Ripplewood Holdings                     ; D000063355, Sewart Supply; D000045188, Southern Pipe & Supply; D000063585, Summit Electric Supply; D000030206, SupplyCore Inc                          ; D000063699, Theisen's Supply; D000063753, Tractor Supply Co; D000063759, Transportation Equipment Supply Co; D000063809, U&W Industrial Supply; D000063840, United Central Industrial Supply; D000063854, Universal Builders Supply; D000029599, US Apple Assn                           ; D000063964, Ware Oil & Supply; D000031012, Western Nevada Supply                   ; D000070570, Western Oilfields Supply; D000058605, Wholesale Supplies Plus"
PERRIGO CO PLC,PRGO,,
PRUDENTIAL FINANCIAL INC,PRU,D000000141,
PUBLIC STORAGE,PSA,D000036869,
PHILLIPS 66,PSX,D000019668,
P V H CORP,PVH,D000042187,
QUANTA SERVICES INC,PWR,D000036905,
PRAXAIR INC,PX,D000028430,
PIONEER NATURAL RESOURCES CO,PXD,D000059510,
PAYPAL HOLDINGS INC,PYPL,,
QUALCOMM INC,QCOM,D000000794,
QORVO INC,QRVO,,
RYDER SYSTEMS INC,R,,
REYNOLDS AMERICAN INC,RAI,D000000092,
ROYAL CARIBBEAN CRUISES LTD,RCL,D000037257,
REGENCY CENTERS CORP,REG,D000037011,
REGENERON PHARMACEUTICALS INC,REGN,D000067512,
REGIONS FINANCIAL CORP NEW,RF,D000022216,
ROBERT HALF INTERNATIONAL INC,RHI,D000037158,
RED HAT INC,RHT,D000036997,
TRANSOCEAN LTD,RIG,,"D000045915, Transocean Inc; D000044540, Transoceanic Shipping                   "
RAYMOND JAMES FINANCIAL INC,RJF,D000036970,
RALPH LAUREN CORP,RL,D000036748,
ROCKWELL AUTOMATION INC,ROK,D000056216,
ROPER TECHNOLOGIES INC,ROP,D000056236,
ROSS STORES INC,ROST,D000042761,
RANGE RESOURCES CORP,RRC,D000071100,
REPUBLIC SERVICES INC,RSG,D000023869,
RAYTHEON CO,RTN,,"D000047818, Raytheon Blackbird Technologies; D000000175, Raytheon Co; D000066658, ThalesRaytheonSystems"
STARBUCKS CORP,SBUX,D000037780,
SCANA CORP NEW,SCG,,"D000028916, Scana Corp                              ; D000057745, TransCanada Corp"
SCHWAB CHARLES CORP NEW,SCHW,,
SEALED AIR CORP NEW,SEE,D000069802,
SHERWIN WILLIAMS CO,SHW,,
SIGNET JEWELERS LTD,SIG,,
SMUCKER J M CO,SJM,,
SCHLUMBERGER LTD,SLB,,"D000037414, Schlumberger Ltd                        ; D000041654, Schlumberger Technology"
S L GREEN REALTY CORP,SLG,D000037620,
SNAP ON INC,SNA,,
SCRIPPS NETWORKS INTERACTIVE INC,SNI,D000056521,
SYNOPSYS INC,SNPS,D000030248,
SOUTHERN CO,SO,,"D000040218, Aclu of Southern California; D000031554, Anesthesia Assoc of Southern Illinois   ; D000031715, Auto Club Southern California           ; D000038140, Cbiz Southern California; D000049494, College of Southern Idaho; D000060732, College of Southern Nevada; D000071941, Columbia Southern Education Group; D000032993, Cummins Southern Plains                 ; D000033693, First Southern National Bank            ; D000050916, First Southern Services; D000051290, Georgia Southern University; D000070249, GeoSouthern Energy; D000041988, Great Southern Bancorp; D000051477, Great Southern Wood Preserving; D000026944, Kansas City Southern                    ; D000019639, Norfolk Southern                        ; D000068550, Southern Air Inc; D000063468, Southern Aluminum; D000063469, Southern Arkansas University; D000063470, Southern Brain & Spine; D000029137, Southern California Fund                ; D000037689, Southern California Permanente Medical Group; D000056956, Southern California Public Power Auth; D000056957, Southern California Regional Rail Auth; D000000168, Southern Co                             ; D000023782, Southern Co Gas; D000059597, Southern Community Financial; D000029138, Southern Cotton Growers Inc             ; D000063472, Southern Counties Oil; D000063473, Southern Eagle Distributing; D000037690, Southern Engineering                    ; D000056959, Southern Environmental Law Center; D000063474, Southern Fs Inc; D000022262, Southern Glazer's Wine & Spirits; D000037691, Southern Holdings                       ; D000043387, Southern Illinois University            ; D000056961, Southern Ionics; D000037693, Southern Land Co                        ; D000056962, Southern Machinery Repair; D000056963, Southern Management Corp; D000063475, Southern Media; D000037695, Southern Methodist University           ; D000000462, Southern Minn Beet Sugar Co-op          ; D000056964, Southern Nevada Water Authority; D000056965, Southern New England ENT; D000070042, Southern New Hampshire University; D000056967, Southern Pan Services; D000056968, Southern Pioneer Insurance; D000045188, Southern Pipe & Supply; D000056969, Southern Recycling; D000056970, Southern Research Institute; D000041570, Southern Scrap; D000056971, Southern Shrimp Alliance; D000056972, Southern Star; D000037697, Southern Star Shipping                  ; D000071090, Southern States Police Benevolent Assn; D000037698, Southern Strategy                       ; D000045644, Southern Strategy Group of Orlando; D000056973, Southern Utah University; D000056974, Southern Ute Indian Tribe; D000063476, Southern Waste Systems; D000063684, Texas Southern University; D000030693, University of Southern California       ; D000043480, University of Southern Maine            ; D000058001, University of Southern Mississippi; D000031003, Western & Southern Financial Group      "
SIMON PROPERTY GROUP INC NEW,SPG,D000037598,
S & P GLOBAL INC,SPGI,,
STAPLES INC,SPLS,D000029185,
STERICYCLE INC,SRCL,D000029206,
SEMPRA ENERGY,SRE,D000000415,
SUNTRUST BANKS INC,STI,,
STATE STREET CORP,STT,D000029194,
SEAGATE TECHNOLOGY PLC,STX,,
CONSTELLATION BRANDS INC,STZ,D000025112,
STANLEY BLACK & DECKER INC,SWK,D000057143,
SKYWORKS SOLUTIONS INC,SWKS,,
SOUTHWESTERN ENERGY CO,SWN,D000029143,
SYNCHRONY FINANCIAL,SYF,D000067988,
STRYKER CORP,SYK,,"D000034927, Jon Stryker Architecture                ; D000030157, Stryker Corp                            "
SYMANTEC CORP,SYMC,,
SYSCO CORP,SYY,,"D000039893, Lankford-Sysco Food Service; D000030251, Sysco Corp                              ; D000057367, Syscom Inc"
A T & T INC,T,,"D000068577, A Great American Brand LLC; D000046940, American Great Lakes Ports Assn; D000024001, American Rights at Work                 ; D000060176, AT Chadwick Co; D000043318, AT Kearney Inc; D000047617, Barat Education Foundation; D000024393, Boat Owners Assn of the US              ; D000043812, Capstrat Inc                            ; D000042602, Cargill Meat Solutions; D000048615, Children At Risk; D000066799, Chwat Group; D000025037, Colorado Assn of Wheat Growers          ; D000060744, Combat Veterans for Congress; D000049797, Council of the Great City Schools; D000050219, Doctors Hospital at Renaissance; D000025622, Eat 'n Park Restaurants                 ; D000068766, Fermat Capital Management; D000043126, Fiat Chrysler Automobiles; D000061299, Flat Creek Ranch; D000070193, Great America Cmte; D000069764, Great America PAC; D000026294, Great American Fund                     ; D000042279, Great Atlantic & Pacific Tea Co; D000034169, Great Clips                             ; D000061515, Great Far East; D000068624, Great Gulf Group; D000026295, Great Lakes Dredge & Dock               ; D000051471, Great Lakes Higher Education Corp; D000034170, Great Lakes Home Health                 ; D000021820, Great Lakes PAC; D000026296, Great Lakes Sugar Beet Growers Assn     ; D000051473, Great Lakes Towing Co; D000026297, Great Land PAC                          ; D000070433, Great North Star LLC; D000061516, Great Northern Manufacturing; D000064781, Great Northern Properties; D000034171, Great Plains Communications             ; D000069491, Great Point Partners; D000026300, Great River Energy                      ; D000041988, Great Southern Bancorp; D000051477, Great Southern Wood Preserving; D000061517, Great Western Drilling; D000061518, Great Western Mortgage; D000061519, Great Works; D000034261, Habitat Co                              ; D000043783, Habitat for Humanity                    ; D000044191, Hat Creek Enterprises                   ; D000036029, Icahn School of Medicine at Mount Sinai; D000061795, Influence At Work; D000056582, Inmarsat Government; D000043960, Inmarsat Inc                            ; D000051371, Inmarsat PLC; D000070896, JAT Capital Partners; D000061932, John T McCall Attorney At Law; D000027161, Leadership that Listens PAC             ; D000053260, Lutheran Theological Seminary at Phila; D000053616, Memorial Hospital at Gulfport; D000035841, Miami Heat                              ; D000035856, Michigan CAT                            ; D000071408, Middle Seat Consulting; D000027810, National Assn of Wheat Growers          ; D000022150, New Democrat Coalition                  ; D000000494, New Democrat Network                    ; D000068604, North American Meat Institute; D000036295, Nuclear Threat Initiative               ; D000070620, Offit Kurman Attorneys at Law; D000036360, Ohio Cat                                ; D000065304, Ohio Corn & Wheat Growers Assn; D000028115, Oil Heat Institute of Long Island       ; D000058863, Ormat Industries; D000036538, Pat Roberts for Senate                  ; D000036997, Red Hat Inc                             ; D000063387, Ships At A Distance; D000029144, Southwestern/Great American             ; D000029419, Texas Sheep & Goat Raisers Assn         ; D000029422, Texas Wheat Producers Assn              ; D000063707, Thomas Conway Attorney At Law; D000040339, University at Buffalo Medical School; D000058046, US Clean Heat & Power Assn; D000058239, ViaSat Inc; D000067724, Vicat Group; D000030999, Westat Inc                              ; D000031029, Wheat Government Relations              ; D000031038, White Hat Management                    ; D000058616, Wildcat Venture; D000031200, Zagat Survey                            "
MOLSON COORS BREWING CO,TAP,D000027694,
TERADATA CORP DE,TDC,,
TRANSDIGM GROUP INC,TDG,D000070563,
T E CONNECTIVITY LTD,TEL,D000022388,
TEGNA INC,TGNA,,
TARGET CORP,TGT,,"D000000619, Target Corp; D000069807, Target Enterprises; D000057411, Target Financial Services; D000070064, Target Lodging; D000057412, Targeted Growth; D000069806, Targeted Victory; D000070549, TargetPoint Consulting"
TIFFANY & CO NEW,TIF,,"D000040325, Tiffany & Bosco; D000030418, Tiffany & Co                            "
T J X COMPANIES INC NEW,TJX,D000030442,
TORCHMARK CORP,TMK,,
THERMO FISHER SCIENTIFIC INC,TMO,D000023662,
TRIPADVISOR INC,TRIP,D000059652,
T ROWE PRICE GROUP INC,TROW,,
TRAVELERS COMPANIES INC,TRV,D000021773,
TRACTOR SUPPLY CO NEW,TSCO,D000063753,
TYSON FOODS INC,TSN,D000000460,
TESORO CORP,TSO,,
TOTAL SYSTEM SERVICES INC,TSS,D000029492,
TIME WARNER INC NEW,TWX,,"D000022485, HBO Time Warner; D000000881, Time Warner Cable"
TEXAS INSTRUMENTS INC,TXN,D000000722,
TEXTRON INC,TXT,D000000201,
UNDER ARMOUR INC,UA,D000068106,
UNITED CONTINENTAL HOLDINGS INC,UAL,,
U D R INC,UDR,D000063814,
UNIVERSAL HEALTH SERVICES INC,UHS,D000029589,
ULTA SALON COSMETICS & FRAG INC,ULTA,,
UNITEDHEALTH GROUP INC,UNH,D000000348,
UNUM GROUP,UNM,D000029594,
UNION PACIFIC CORP,UNP,D000000118,
UNITED PARCEL SERVICE INC,UPS,D000000081,
UNITED RENTALS INC,URI,D000029582,
U S BANCORP DEL,USB,D000000487,
UNITED TECHNOLOGIES CORP,UTX,,"D000067775, Penn United Technologies; D000000209, United Technologies"
VISA INC,V,,"D000049222, City of Visalia, CA; D000029689, Visa Inc                                ; D000063933, Visalia Lumber"
VARIAN MEDICAL SYSTEMS INC,VAR,D000029636,
V F CORP,VFC,,
VIACOM INC NEW,VIAB,,
VALERO ENERGY CORP NEW,VLO,D000022303,
VULCAN MATERIALS CO,VMC,D000029725,
VORNADO REALTY TRUST,VNO,D000030862,
VERISK ANALYTICS INC,VRSK,D000068810,
VERISIGN INC,VRSN,D000022307,
VERTEX PHARMACEUTICALS INC,VRTX,D000030819,
VENTAS INC,VTR,D000030803,
VERIZON COMMUNICATIONS INC,VZ,D000000079,
WATERS CORP,WAT,,"D000032600, Citizens for Waters                     ; D000026423, Headwaters Inc                          ; D000061751, Huron River Watershed Council; D000022313, Waters & Kraus                          ; D000030926, Waters Corp                             ; D000058454, Waters Law Office; D000030927, Waters McPherson McNeill                ; D000030928, Watersaver Faucet Co                    ; D000030929, Watershed Asset Management              ; D000058455, Watershed Treatment Program; D000058456, Waterson Terminal Services; D000063982, Watersports Administration; D000063983, Waterstone Capital Management"
WALGREENS BOOTS ALLIANCE INC,WBA,D000029736,
WESTERN DIGITAL CORP,WDC,D000069788,
W E C ENERGY GROUP INC,WEC,D000029889,
WELLS FARGO & CO NEW,WFC,,
WHOLE FOODS MARKET INC,WFM,D000031048,
WHIRLPOOL CORP,WHR,D000029842,
WILLIS TOWERS WATSON PUB LTD CO,WLTW,,
WASTE MANAGEMENT INC DEL,WM,,"D000062719, Oakleaf Waste Management; D000000161, Waste Management Inc; D000044024, Westside Waste Management               "
WILLIAMS COS,WMB,,
WAL MART STORES INC,WMT,,
WESTERN UNION CO,WU,D000029829,
WEYERHAEUSER CO,WY,D000000430,
WYNDHAM WORLDWIDE CORP,WYN,,
WYNN RESORTS LTD,WYNN,D000022328,
CIMAREX ENERGY CO,XEC,D000071074,
X C E L ENERGY INC,XEL,,"D000050715, Excel Energy; D000022329, Xcel Energy                             "
X L GROUP LTD,XL,,
XILINX INC,XLNX,D000070777,
EXXON MOBIL CORP,XOM,D000000129,
DENTSPLY SIRONA INC,XRAY,,
XEROX CORP,XRX,D000000607,
XYLEM INC,XYL,D000071067,
YAHOO INC,YHOO,D000022330,
YUM BRANDS INC,YUM,,
ZIMMER BIOMET HOLDINGS INC,ZBH,,
ZIONS BANCORPORATION,ZION,,
ZOETIS INC,ZTS,D000022855,
